--
-- Dumping data for table `users`
--

INSERT INTO `users` (`id`, `name`, `verification_code`, `email`, `email_verified_at`, `country_code`, `mobile`, `mobile_verified_at`, `password`, `picture`, `user_type`, `device_token`, `visibility`, `deleted_at`, `created_at`, `updated_at`) VALUES
(1, 'Tushar Seth', '2639', NULL, NULL, NULL, '8840212040', NULL, '$2y$10$4OJEfTXdAJBFQxkifipcKechLWBdllkZKLkzK8mG/VfAY3xj3uzoG', NULL, 3, NULL, 0, NULL, '2020-11-18 12:44:12', '2020-11-26 15:52:30'),
(2, 'hdgfcfgf', '3237', NULL, NULL, '+91', '8840212081', NULL, '$2y$10$6YJNoLZ4Ya5/TImgHeGsMOB79zrTuveBCdxAyIyu8fPLMVbuUWAPi', NULL, 2, NULL, 0, NULL, '2020-11-18 12:47:14', '2020-11-20 11:18:50'),
(3, 'Tushar Seth', NULL, NULL, NULL, '+91', '8840212082', NULL, '$2y$10$3hhkg2U7QvGkmQEfnY/4GeaavH93O7XBWSIoggO6qSpmS5jwuNcYu', NULL, 4, NULL, 0, NULL, '2020-11-18 16:46:18', '2020-11-18 16:46:18'),
(4, 'hdgfcfgf', '2556', NULL, NULL, '+91', '8840212083', '2020-11-20 00:00:00', '$2y$10$.t78m12WIsKTRCoZZfZ6zOW4tFQGG80PHtd4IaddcsXV55mqoJUHS', NULL, 2, NULL, 0, NULL, '2020-11-18 16:47:45', '2020-11-18 16:47:45'),
(5, 'Pagnc F', '4401', NULL, NULL, '+376', '8595980', NULL, '$2y$10$D2munyR5fEJgso/k2tmZQO/LXo03VjxgOObyRAqNCQKCAANr4SY..', NULL, 2, NULL, 0, NULL, '2020-11-21 13:39:03', '2020-11-21 13:39:03'),
(6, 'vijay', '2753', NULL, NULL, '+91', '87437484', NULL, '$2y$10$VaLU58qxpnjgyoeBwWOhf.7aD7XUZzM8PRmx8ZxG1uvkjvFjgS8C.', NULL, 2, NULL, 0, NULL, '2020-11-21 13:44:17', '2020-11-21 13:44:17'),
(7, 'Dhdhfjfnf', '9670', NULL, NULL, 'IN', '56598989', NULL, '$2y$10$nThLXwycpl5Tklrwik2mNetYPzrEF8xvCCtpd214I87u9Den04GLS', NULL, 2, NULL, 0, NULL, '2020-11-21 13:47:14', '2020-11-21 13:47:14'),
(8, 'Fjfjfjfk', NULL, NULL, NULL, 'IN', '886797', '2020-11-21 15:08:59', '$2y$10$yvY9tKBU/MIpzHFGGDl7N.7zLqGkBBFj819Pz6ozYKvY39qFehA0e', NULL, 2, NULL, 0, NULL, '2020-11-21 15:06:19', '2020-11-21 15:08:59'),
(9, 'Fifkgkgkf', NULL, NULL, NULL, '+91', '26598989', '2020-11-21 15:12:44', '$2y$10$KO6gH2nmixfY8Qm6UbLoAe/phWwWsOslcrVNP5YltgB977.8hp/pi', NULL, 2, NULL, 0, NULL, '2020-11-21 15:12:32', '2020-11-21 15:12:44'),
(10, 'Pankaj Mangal', '3715', NULL, NULL, '+91', '8920547478', '2020-11-21 15:47:16', '$2y$10$Md0/XuByvX3Mv6eBkCOjw.1/NUF0jOrnF8KvTRJ6NzHEN8VulmYTa', 'http://fimihub.herokuapp.com/uploads/10/images/DL1606486281.jpg', 2, NULL, 0, NULL, '2020-11-21 15:47:04', '2020-11-30 13:14:57'),
(11, 'Sumit Kumar', '5123', 'mangal.pankaj5@gmail.com', NULL, '+91', '7206407561', NULL, '$2y$10$ci1u5sZ9KvXKJqyBkicUmuaufEPcG32X2BUDiXf7AbU2fw5OvGDRW', NULL, 2, NULL, 0, NULL, '2020-11-25 13:24:32', '2020-11-25 13:37:40'),
(12, 'vijay', '3229', 'vijay1@gmail.com', NULL, '+91', '4512451211', NULL, '$2y$10$uo8eaiEd6Tnw4CIWnhNLvu4NoOGIYvCD1MA3y4f8rbOcQqCAafVym', NULL, 2, NULL, 0, NULL, '2020-11-26 11:36:06', '2020-11-26 11:36:06'),
(13, 'fimihub', '2770', 'admin@fimihub.com', NULL, NULL, '8888888888', NULL, '$2y$10$15QH4drj.ed7eaakKyVGq.lxfYQ6JWA7pPbvMS25CYPQZ8AkTdo6O', NULL, 1, NULL, 0, NULL, NULL, NULL),
(14, 'Tintin', NULL, 'abc@fimihub.com', NULL, NULL, '8840212041', '2020-11-15 04:50:13', '$2y$10$WHuMAP6NNcZtNJjjoMN3O.0YgGnSa4Aoyhkcd.ogFCOWKnl98xNpe', NULL, 4, NULL, 0, NULL, '2020-11-15 04:34:33', '2020-11-30 16:28:55'),
(15, 'KFC St. Ann\'s Bay', NULL, 'fimihub1@gmail.com', NULL, NULL, '8765732017', '2020-12-07 00:00:00', '$2y$10$4L3WDQrLIwTAu9qx.QHK/O60ttWWZ7HL1hU94AOArCv72be4NZu7.', NULL, 4, NULL, 0, NULL, '2020-11-30 09:22:48', '2020-11-30 09:22:48'),
(16, 'Tintin', NULL, NULL, NULL, NULL, '9873256671', '2020-11-30 16:34:20', '$2y$10$pzsXcu9QjqV0jLJZiEGAWu8eGeTHCmKHzgQMavxGZx5hRxAcaHhT2', NULL, 3, NULL, 0, NULL, '2020-11-30 16:33:05', '2020-11-30 16:40:39'),
(17, 'Ryan', NULL, NULL, NULL, NULL, '8768454365', '2020-11-30 17:52:01', '$2y$10$ld4z0zg2apXLgYY50DUmNufmsB/W/TUQNeUc/WhnDlF/Xsx3ixoe.', NULL, 3, NULL, 0, NULL, '2020-11-30 17:50:02', '2020-11-30 17:52:01'),
(18, 'Lisa marsh', '5590', NULL, NULL, NULL, '8768161770', '2020-12-01 00:00:00', '$2y$10$H6pfHxHN61yHfic24o.RWOB.ZpK82lNh5DLS/HzvQQCfMqdxWn0ue', NULL, 3, NULL, 0, NULL, '2020-12-01 02:49:04', '2020-12-01 02:49:04'),
(19, 'Shivam Singh', NULL, 'shivam.singh@adsandurl.com', NULL, '+91', '9871996759', '2020-12-01 00:00:00', '$2y$10$qD9jErrFfjlV7qTS5CvtNuevkAiYnp/lV1/2uLi9zSGolX1uHkBPa', NULL, 2, NULL, 0, NULL, '2020-12-03 11:09:21', '2020-12-03 11:17:30'),
(20, 'Quinto McNeal', '8502', 'clergio1@gmail.com', NULL, NULL, '9783447895', NULL, '$2y$10$P4vpTAbTIPdVoi4q.T8cNOcHb4Unan2EUZdU/JHyIuVZEP3I9zqtK', NULL, 4, NULL, 0, NULL, '2020-12-09 04:51:52', '2020-12-09 04:51:52');

-- --------------------------------------------------------

--
-- Dumping data for table `user_address`
--

INSERT INTO `user_address` (`id`, `user_id`, `address`, `flat_no`, `landmark`, `default_status`, `visibility`, `deleted_at`, `created_at`, `updated_at`, `latitude`, `longitude`) VALUES
(1, 1, 'delhi', '11/24', 'bank', 1, 0, NULL, '2020-11-16 04:52:38', '2020-11-16 04:52:38', '28.6600792', '77.1386294'),
(2, 1, 'delhi', '222ssa assa', 'bank', 2, 0, NULL, '2020-11-16 08:05:42', '2020-11-16 08:27:21', '28.6600792', '77.1386294\n'),
(3, 14, 'Fern Court Apartment, Jamaica', 'I301', 'Country Store', 1, 0, NULL, '2020-11-27 12:27:43', '2020-11-27 12:27:43', '18.4512188', '-77.2441534'),
(4, 14, 'Prateek Stylome, Sadarpur, Sector-45, Noida, Uttar Pradesh, India', 'house 5', 'near grand land', 2, 2, NULL, '2020-11-30 16:31:11', '2020-11-30 16:31:11', '28.5475265', '77.3537595'),
(5, 16, 'Prateek Laurel Gym, Sector 120, Noida, Uttar Pradesh, India', 'house 5', 'near grand land', 2, 2, NULL, '2020-11-30 16:34:39', '2020-11-30 16:34:39', '28.5864027', '77.3954047'),
(6, 13, 'Prateek Laurel, Sector 120, Noida, Uttar Pradesh, India', 'house 5', 'near grand land', 1, 0, NULL, '2020-11-30 17:31:20', '2020-11-30 17:31:20', '28.5871725', '77.39524109999999'),
(7, 17, 'Richmond Estates St Ann, Jamaica', 'I301 Fern Court Apartments', 'Country Store', 1, 0, NULL, '2020-11-30 18:03:38', '2020-11-30 18:03:38', '18.4490849', '-77.2419522'),
(8, 16, 'Prateek Laurel, Sector 120, Noida, Uttar Pradesh, India', 'house 5', 'near grand land', 1, 0, NULL, '2020-12-01 15:12:55', '2020-12-01 15:12:55', '28.5871725', '77.39524109999999'),
(9, 17, '22 Pitts Bay Road, Pembroke, Bermuda', 'Delegal', 'Near the Nursing Home', 2, 0, NULL, '2020-12-15 09:43:26', '2020-12-15 09:43:26', '32.2968253', '-64.797028');

-- --------------------------------------------------------

--
-- Dumping data for table `vehicle_details`
--

INSERT INTO `vehicle_details` (`id`, `user_id`, `vehicle_number`, `model_name`, `vehicle_image`, `color`, `id_proof`, `address`, `pincode`, `driving_license`, `dl_start_date`, `dl_end_date`, `registraion_start_date`, `registraion_end_date`, `visibility`, `deleted_at`, `created_at`, `updated_at`) VALUES
(1, 8, 'b s22s5', 'assc', 'http://127.0.0.1:8000/uploads/8/images/VehiclePicture1605628779.png', 'sac', 'http://127.0.0.1:8000/uploads/8/documents/IDProof1605628779.pdf', 'sasadadd', 122121, 'http://127.0.0.1:8000/uploads/8/images/DL1605628779.png', 'saas', 'sasa', 'sasa', 'sasa', 0, NULL, '2020-11-17 10:29:39', '2020-11-17 10:29:39'),
(2, 9, 'b s22s5', 'assc', NULL, 'sac', 'http://127.0.0.1:8000/uploads/9/documents/IDProof1605689817.pdf', 'sasadadd', 122121, 'http://127.0.0.1:8000/uploads/9/images/DL1605689817.png', 'saas', 'sasa', 'sasa', 'sasa', 0, NULL, '2020-11-18 03:26:57', '2020-11-18 03:26:57'),
(3, 1, 'b s22s5555', 'assc', 'http://127.0.0.1:8000/uploads/1/images/VehiclePicture1605773593.png', 'sac', 'http://127.0.0.1:8000/uploads/1/documents/IDProof1605773593.pdf', 'sasadadd', 122121, 'http://127.0.0.1:8000/uploads/1/images/DL1605773593.png', 'saas', 'sasa', 'sasa', 'sasa', 0, NULL, '2020-11-18 09:18:36', '2020-11-19 02:43:13');

-- --------------------------------------------------------

--
-- Dumping data for table `rider_bank_details`
--

INSERT INTO `rider_bank_details` (`id`, `user_id`, `account_number`, `holder_name`, `branch_name`, `ifsc_code`, `visibility`, `deleted_at`, `created_at`, `updated_at`) VALUES
(1, 8, 'asasas21', 'sadc d', 'saxa', 'sax', 0, NULL, '2020-11-17 10:29:39', '2020-11-17 10:29:39'),
(2, 9, 'asasas21', 'sadc d', 'saxa', 'sax', 0, NULL, '2020-11-18 03:26:57', '2020-11-18 03:26:57'),
(3, 1, 'asasas212222', 'sadc d', 'saxa', 'sax', 0, NULL, '2020-11-18 09:50:15', '2020-11-19 02:43:13');

-- --------------------------------------------------------

--
-- Dumping data for table `restaurent_details`
--

INSERT INTO `restaurent_details` (`id`, `user_id`, `resto_id`, `name`, `about`, `other_details`, `official_number`, `picture`, `avg_cost`, `avg_time`, `open_time`, `close_time`, `address`, `delivery_charge`, `discount`, `tax`, `pincode`, `payment_method_type`, `resto_type`, `visibility`, `deleted_at`, `created_at`, `updated_at`) VALUES
(1, 3, 'FIMIRESTO100001', 'Dominos', 'cdfvdf', 'Lorem ipsum dolor sit amet, consetetur sadipscing elitr, sed diam nonumy eirmod tempor invidunt ut labore et dolore', NULL, NULL, '850.00', '35', NULL, NULL, 'newyork', '2.00', '2.00', NULL, NULL, NULL, 2, 0, NULL, '2020-11-15 04:52:29', '2020-11-15 04:52:29'),
(2, 14, 'FIMIRESTO100002', 'Burger King', 'Lorem ipsum dolor sit amet, consetetur sadipscing elitr, sed diam nonumy eirmod tempor invidunt ut labore et dolore', 'Lorem ipsum dolor sit amet, consetetur', '8840212041', 'http://fimihub.herokuapp.com/asset/customer/assets/images/veg2.png', '25.00', '10', '01:00', '04:59', '', '450.00', NULL, NULL, '123456', NULL, 2, 0, NULL, '2020-11-26 16:46:01', '2020-12-05 01:20:08'),
(3, 17, 'FIMIRESTO100003', 'Burger King', 'Lorem ipsum dolor sit amet, consetetur sadipscing elitr, sed diam nonumy eirmod tempor invidunt ut labore et dolore', 'Lorem ipsum dolor sit amet, consetetur', '8840212041', 'http://fimihub.herokuapp.com/uploads/17/images/RestaurentProfilePicture1607048086.jpg', '25.00', '10', '01:00', '04:59', 'Lorem ipsum dolor sit amet, consetetur sadipscing elitr, sed diam nonumy eirmod tempor invidunt ut labore et dolore', '1.00', NULL, NULL, '123456', NULL, 3, 2, NULL, '2020-12-04 07:30:28', '2020-12-04 07:44:46');

-- --------------------------------------------------------

--
-- Dumping data for table `service_catagories`
--

INSERT INTO `service_catagories`(`id`, `name`, `listing_order`, `visibility`, `deleted_at`, `created_at`, `updated_at`) VALUES
(1, 'food',  1, 0, NULL, '2020-11-15 04:45:48', '2020-11-15 04:45:48'),
(2, 'grocery',  2, 0, NULL, '2020-11-15 04:46:52', '2020-11-15 04:46:52'),
(3, 'electronics', 3, 0, NULL, '2020-11-15 04:47:30', '2020-11-15 04:47:30');

-- --------------------------------------------------------



-- --------------------------------------------------------

--
-- Dumping data for table `menu_categories`
--

INSERT INTO `menu_categories` (`id`,`service_catagory_id`, `name`, `about`, `discount`, `listing_order`, `visibility`, `deleted_at`, `created_at`, `updated_at`) VALUES
(1, 1, 'drinks', NULL, NULL, 1, 0, NULL, '2020-11-15 04:45:48', '2020-11-15 04:45:48'),
(2, 1, 'burger', NULL, NULL, 2, 0, NULL, '2020-11-15 04:46:52', '2020-11-15 04:46:52'),
(3, 1, 'Main Course', NULL, NULL, 3, 0, NULL, '2020-11-15 04:47:30', '2020-11-15 04:47:30');

-- --------------------------------------------------------

--
-- Dumping data for table `menu_list`
--

INSERT INTO `menu_list` (`id`, `restaurent_id`, `menu_category_id`, `name`, `picture`, `about`, `price`, `discount`, `dish_type`, `listing_order`, `visibility`, `deleted_at`, `created_at`, `updated_at`) VALUES
(1, 1, 2, 'burger', 'http://127.0.0.1:8000/uploads/3/images/burger1605435849.png', 'sdbfbj', '299.00', NULL, 2, 1, 0, NULL, '2020-11-15 04:54:09', '2020-11-15 04:54:09'),
(2, 1, 1, 'cola', NULL, NULL, '25.00', NULL, NULL, NULL, 0, NULL, NULL, NULL);

-- --------------------------------------------------------

--
-- Dumping data for table `carts`
--

INSERT INTO `carts` (`id`, `user_id`, `restaurent_id`, `address_id`, `customer_name`, `applied_coupon`, `delivery_fee`, `tax`, `visibility`, `deleted_at`, `created_at`, `updated_at`) VALUES
(1, 1, 1, 2, 'jhsdg', NULL, '3.00', NULL, 2, NULL, '2020-11-15 04:56:06', '2020-11-15 04:56:06'),
(3, 1, 1, NULL, 'hdgfcfgfdddddddddddddddd', NULL, '2.00', NULL, 2, NULL, '2020-11-23 12:11:46', '2020-11-23 12:11:46'),
(4, 1, 1, NULL, 'hdgfcfgfdddddddddddddddd', NULL, '2.00', NULL, 2, NULL, '2020-11-23 12:18:40', '2020-11-23 12:18:40'),
(5, 1, 1, 2, 'hdgfcfgfdddddddddddddddd', NULL, '2.00', NULL, 2, NULL, '2020-11-23 12:27:30', '2020-11-23 12:27:30');

-- --------------------------------------------------------
--
-- Dumping data for table `cart_submenus`
--

INSERT INTO `cart_submenus` (`id`, `user_id`, `cart_id`, `menu_id`, `quantity`, `visibility`, `deleted_at`, `created_at`, `updated_at`) VALUES
(2, 1, 4, 2, '1', 2, NULL, '2020-11-15 12:19:28', '2020-11-23 12:19:10'),
(4, 1, 4, 2, '1', 2, NULL, '2020-11-15 14:01:44', '2020-11-23 12:19:10'),
(5, 1, 4, 2, '1', 2, NULL, '2020-11-15 14:05:40', '2020-11-23 12:19:10'),
(6, 1, 4, 2, '1', 2, NULL, '2020-11-15 14:13:03', '2020-11-23 12:19:10'),
(7, 1, 4, 2, '1', 0, NULL, '2020-11-15 14:39:01', '2020-11-23 12:19:10'),
(12, 1, 4, 2, '1', 0, NULL, '2020-11-23 12:18:40', '2020-11-23 12:19:10'),
(13, 1, 4, 1, '1', 0, NULL, '2020-11-23 12:19:19', '2020-11-23 12:19:19'),
(14, 1, 5, 2, '1', 2, NULL, '2020-11-23 12:27:30', '2020-11-23 12:33:16'),
(15, 1, 5, 1, '2', 0, NULL, '2020-11-23 12:29:57', '2020-11-23 12:33:37'),
(16, 1, 5, 2, '1', 0, NULL, '2020-11-23 12:31:44', '2020-11-23 12:33:16');

-- --------------------------------------------------------
--
-- Dumping data for table `orders`
--

INSERT INTO `orders` (`id`, `user_id`, `restaurent_id`, `cart_id`, `address_id`, `order_id`, `customer_name`, `ordered_menu`, `mobile`, `total_amount`, `delivery_fee`, `tax`, `order_status`, `payment_status`, `payment_type`, `visibility`, `deleted_at`, `created_at`, `updated_at`) VALUES
(4, 1, 1, 1, 2, 'FF10000000001', 'jhsdg', '[{\"id\":2,\"restaurent_id\":1,\"menu_category_id\":1,\"name\":\"cola\",\"picture\":null,\"about\":null,\"price\":\"25.00\",\"discount\":null,\"dish_type\":null,\"listing_order\":null,\"visibility\":0,\"deleted_at\":null,\"created_at\":null,\"updated_at\":null,\"quantity\":\"4\"}]', '8840212040', '100.00', '2.00', NULL, 1, 1, 1, 0, NULL, NULL, NULL),
(5, 1, 1, 1, 2, 'FF10000000005', 'hdgfcfgfdddddddddddddddd', '[{\"id\":2,\"restaurent_id\":1,\"menu_category_id\":1,\"name\":\"cola\",\"picture\":null,\"about\":null,\"price\":\"25.00\",\"discount\":null,\"dish_type\":null,\"listing_order\":null,\"visibility\":0,\"deleted_at\":null,\"created_at\":null,\"updated_at\":null,\"quantity\":\"5\"}]', '8840212084', '125.00', '2.00', NULL, 1, 1, 3, 0, NULL, NULL, NULL),
(6, 1, 1, 1, 2, 'FF10000000006', 'hdgfcfgfdddddddddddddddd', '[{\"id\":2,\"restaurent_id\":1,\"menu_category_id\":1,\"name\":\"cola\",\"picture\":null,\"about\":null,\"price\":\"25.00\",\"discount\":null,\"dish_type\":null,\"listing_order\":null,\"visibility\":0,\"deleted_at\":null,\"created_at\":null,\"updated_at\":null,\"quantity\":\"5\"}]', '8840212084', '125.00', '2.00', NULL, 1, 1, 3, 0, NULL, NULL, NULL),
(7, 1, 1, 1, 2, 'FF10000000007', 'hdgfcfgfdddddddddddddddd', '[{\"id\":2,\"restaurent_id\":1,\"menu_category_id\":1,\"name\":\"cola\",\"picture\":null,\"about\":null,\"price\":\"25.00\",\"discount\":null,\"dish_type\":null,\"listing_order\":null,\"visibility\":0,\"deleted_at\":null,\"created_at\":null,\"updated_at\":null,\"quantity\":\"5\"}]', '8840212084', '125.00', '2.00', NULL, 1, 1, 3, 0, NULL, NULL, NULL),
(8, 1, 1, 1, 2, 'FF10000000008', 'hdgfcfgfdddddddddddddddd', '[{\"id\":2,\"restaurent_id\":1,\"menu_category_id\":1,\"name\":\"cola\",\"picture\":null,\"about\":null,\"price\":\"25.00\",\"discount\":null,\"dish_type\":null,\"listing_order\":null,\"visibility\":0,\"deleted_at\":null,\"created_at\":null,\"updated_at\":null,\"quantity\":\"5\"}]', '8840212084', '125.00', '2.00', NULL, 1, 1, 3, 0, NULL, NULL, NULL),
(9, 1, 1, 1, 2, 'FF10000000009', 'hdgfcfgfdddddddddddddddd', '[{\"id\":2,\"restaurent_id\":1,\"menu_category_id\":1,\"name\":\"cola\",\"picture\":null,\"about\":null,\"price\":\"25.00\",\"discount\":null,\"dish_type\":null,\"listing_order\":null,\"visibility\":0,\"deleted_at\":null,\"created_at\":null,\"updated_at\":null,\"quantity\":\"5\"}]', '8840212084', '125.00', '2.00', NULL, 1, 1, 3, 0, NULL, NULL, NULL),
(10, 1, 1, 1, 2, 'FF10000000010', 'hdgfcfgfdddddddddddddddd', '[{\"id\":2,\"restaurent_id\":1,\"menu_category_id\":1,\"name\":\"cola\",\"picture\":null,\"about\":null,\"price\":\"25.00\",\"discount\":null,\"dish_type\":null,\"listing_order\":null,\"visibility\":0,\"deleted_at\":null,\"created_at\":null,\"updated_at\":null,\"quantity\":\"5\"}]', '8840212084', '125.00', '2.00', NULL, 1, 1, 3, 0, NULL, '2020-11-20 12:17:48', '2020-11-20 12:17:48'),
(11, 1, 1, 1, 2, 'FF10000000011', 'hdgfcfgfdddddddddddddddd', '[{\"id\":2,\"restaurent_id\":1,\"menu_category_id\":1,\"name\":\"cola\",\"picture\":null,\"about\":null,\"price\":\"25.00\",\"discount\":null,\"dish_type\":null,\"listing_order\":null,\"visibility\":0,\"deleted_at\":null,\"created_at\":null,\"updated_at\":null,\"quantity\":\"5\"}]', '8840212084', '125.00', '2.00', NULL, 1, 1, 3, 0, NULL, '2020-11-20 12:18:03', '2020-11-20 12:18:03'),
(12, 1, 1, 1, 2, 'FF10000000012', 'hdgfcfgfdddddddddddddddd', '[{\"id\":2,\"restaurent_id\":1,\"menu_category_id\":1,\"name\":\"cola\",\"picture\":null,\"about\":null,\"price\":\"25.00\",\"discount\":null,\"dish_type\":null,\"listing_order\":null,\"visibility\":0,\"deleted_at\":null,\"created_at\":null,\"updated_at\":null,\"quantity\":\"5\"}]', '8840212084', '125.00', '2.00', NULL, 1, 1, 3, 0, NULL, '2020-11-20 12:19:04', '2020-11-20 12:19:04'),
(13, 1, 1, 1, 2, 'FF10000000013', 'hdgfcfgfdddddddddddddddd', '[{\"id\":2,\"restaurent_id\":1,\"menu_category_id\":1,\"name\":\"cola\",\"picture\":null,\"about\":null,\"price\":\"25.00\",\"discount\":null,\"dish_type\":null,\"listing_order\":null,\"visibility\":0,\"deleted_at\":null,\"created_at\":null,\"updated_at\":null,\"quantity\":\"5\"}]', '8840212084', '125.00', '2.00', NULL, 1, 1, 3, 0, NULL, '2020-11-20 12:30:05', '2020-11-20 12:30:05'),
(14, 1, 1, 1, 2, 'FF10000000014', 'hdgfcfgfdddddddddddddddd', '[{\"id\":2,\"restaurent_id\":1,\"menu_category_id\":1,\"name\":\"cola\",\"picture\":null,\"about\":null,\"price\":\"25.00\",\"discount\":null,\"dish_type\":null,\"listing_order\":null,\"visibility\":0,\"deleted_at\":null,\"created_at\":null,\"updated_at\":null,\"quantity\":\"5\"}]', '8840212084', '125.00', '2.00', NULL, 1, 1, 3, 0, NULL, '2020-11-20 12:32:17', '2020-11-20 12:32:17'),
(15, 1, 1, 1, 2, 'FF10000000015', 'hdgfcfgfdddddddddddddddd', '[{\"id\":2,\"restaurent_id\":1,\"menu_category_id\":1,\"name\":\"cola\",\"picture\":null,\"about\":null,\"price\":\"25.00\",\"discount\":null,\"dish_type\":null,\"listing_order\":null,\"visibility\":0,\"deleted_at\":null,\"created_at\":null,\"updated_at\":null,\"quantity\":\"5\"}]', '8840212084', '125.00', '2.00', NULL, 1, 1, 3, 0, NULL, '2020-11-20 12:35:59', '2020-11-20 12:35:59'),
(16, 1, 1, 1, 2, 'FF10000000016', 'hdgfcfgfdddddddddddddddd', '[{\"id\":2,\"restaurent_id\":1,\"menu_category_id\":1,\"name\":\"cola\",\"picture\":null,\"about\":null,\"price\":\"25.00\",\"discount\":null,\"dish_type\":null,\"listing_order\":null,\"visibility\":0,\"deleted_at\":null,\"created_at\":null,\"updated_at\":null,\"quantity\":\"5\"},{\"id\":1,\"restaurent_id\":1,\"menu_category_id\":2,\"name\":\"burger\",\"picture\":\"http:\\/\\/127.0.0.1:8000\\/uploads\\/3\\/images\\/burger1605435849.png\",\"about\":\"sdbfbj\",\"price\":\"299.00\",\"discount\":null,\"dish_type\":2,\"listing_order\":1,\"visibility\":0,\"deleted_at\":null,\"created_at\":\"2020-11-15 10:24:09\",\"updated_at\":\"2020-11-15 10:24:09\",\"quantity\":\"1\"}]', '8840212084', '424.00', '2.00', NULL, 10, 1, 2, 0, NULL, '2020-11-20 13:14:51', '2020-11-20 13:14:51'),
(17, 1, 1, 1, 2, 'FF10000000017', 'hdgfcfgfdddddddddddddddd', '[{\"id\":2,\"restaurent_id\":1,\"menu_category_id\":1,\"name\":\"cola\",\"picture\":null,\"about\":null,\"price\":\"25.00\",\"discount\":null,\"dish_type\":null,\"listing_order\":null,\"visibility\":0,\"deleted_at\":null,\"created_at\":null,\"updated_at\":null,\"quantity\":\"5\"},{\"id\":1,\"restaurent_id\":1,\"menu_category_id\":2,\"name\":\"burger\",\"picture\":\"http:\\/\\/127.0.0.1:8000\\/uploads\\/3\\/images\\/burger1605435849.png\",\"about\":\"sdbfbj\",\"price\":\"299.00\",\"discount\":null,\"dish_type\":2,\"listing_order\":1,\"visibility\":0,\"deleted_at\":null,\"created_at\":\"2020-11-15 10:24:09\",\"updated_at\":\"2020-11-15 10:24:09\",\"quantity\":\"2\"}]', '8840212084', '723.00', '3.00', NULL, 6, 2, 2, 0, NULL, '2020-11-20 14:03:03', '2020-11-20 14:03:03'),
(18, 1, 1, 5, 2, 'FF10000000018', 'hdgfcfgfdddddddddddddddd', '[{\"id\":1,\"restaurent_id\":1,\"menu_category_id\":2,\"name\":\"burger\",\"picture\":\"http:\\/\\/127.0.0.1:8000\\/uploads\\/3\\/images\\/burger1605435849.png\",\"about\":\"sdbfbj\",\"price\":\"299.00\",\"discount\":null,\"dish_type\":2,\"listing_order\":1,\"visibility\":0,\"deleted_at\":null,\"created_at\":\"2020-11-15 10:24:09\",\"updated_at\":\"2020-11-15 10:24:09\",\"quantity\":\"2\"},{\"id\":2,\"restaurent_id\":1,\"menu_category_id\":1,\"name\":\"cola\",\"picture\":null,\"about\":null,\"price\":\"25.00\",\"discount\":null,\"dish_type\":null,\"listing_order\":null,\"visibility\":0,\"deleted_at\":null,\"created_at\":null,\"updated_at\":null,\"quantity\":\"1\"}]', '8840212084', '623.00', '2.00', NULL, 4, 2, 3, 0, NULL, '2020-11-23 12:34:33', '2020-11-23 12:34:33');

--
-- Dumping data for table `slider_cms`
--

INSERT INTO `slider_cms` (`id`, `user_id`, `text1`, `text2`, `link`, `media`, `slider_type`, `listing_order`, `visibility`, `deleted_at`, `created_at`, `updated_at`) VALUES
(1, NULL, 'Discover Restaurant & Delicious Food', 'It\'s very easy to create stylish and beautiful prototypes for your future projects, both\r\n                                graphical and dynamic.', 'dfd', 'asset/customer/assets/images/banner.png', 1, 1, 0, NULL, NULL, NULL),
(2, NULL, 'Discover Restaurant & Delicious Food', 'It\'s very easy to create stylish and beautiful prototypes for your future projects, both\r\n                                graphical and dynamic.', NULL, 'asset/customer/assets/images/banner.png', 1, 2, 0, NULL, NULL, NULL),
(3, NULL, 'Discover Restaurant & Delicious Food', 'It\'s very easy to create stylish and beautiful prototypes for your future projects, both\r\n                                graphical and dynamic.', 'sdds', 'asset/customer/assets/images/banner.png', 1, 3, 0, NULL, NULL, NULL),
(7, NULL, 'fghd', 'fgdgf', 'http://dfgd', 'uploads/web_asset/images/Slider1608549907.png', 1, NULL, 0, NULL, '2020-12-21 11:25:07', '2020-12-21 11:25:07'),
(8, NULL, 'fghd', 'fgdgf', 'http://dfgd', 'uploads/web_asset/images/Slider1608550021.png', 1, NULL, 0, NULL, '2020-12-21 11:27:01', '2020-12-21 11:27:01'),
(9, NULL, 'fghd', 'fgdgf', 'http://dfgd', 'uploads/web_asset/images/Slider1608550511.png', 1, NULL, 0, NULL, '2020-12-21 11:35:11', '2020-12-21 11:35:11');

-- //cms-----------------------------------------------------------
INSERT INTO `cms` (`id`, `type`, `content`, `heading`, `is_active`, `deleted_at`, `created_at`, `updated_at`) VALUES
(1, 1, 'about Lorem Ipsum is simply dummy text of the printing and typesetting industry. Lorem Ipsum has been the industry\'s standard dummy text ever since the 1500s, when an unknown printer took a galley of type and scrambled it to make a type specimen book. It has survived not only five centuries, but also the leap into electronic typesetting, remaining essentially unchanged. It was popularised in the 1960s with the release of Letraset sheets containing Lorem Ipsum passages, and more recently with desktop publishing software like Aldus PageMaker including versions of Lorem Ipsum', NULL, 1, NULL, NULL, NULL),
(2, 2, 'tnc Lorem Ipsum is simply dummy text of the printing and typesetting industry. Lorem Ipsum has been the industry\'s standard dummy text ever since the 1500s, when an unknown printer took a galley of type and scrambled it to make a type specimen book. It has survived not only five centuries, but also the leap into electronic typesetting, remaining essentially unchanged. It was popularised in the 1960s with the release of Letraset sheets containing Lorem Ipsum passages, and more recently with desktop publishing software like Aldus PageMaker including versions of Lorem Ipsum.', NULL, 1, NULL, NULL, NULL),
(3, 3, 'Lorem Ipsum is simply dummy text of the printing and typesetting industry. Lorem Ipsum has been the industry\'s standard dummy text ever since the 1500s, when an unknown printer took a galley of type and scrambled it to make a type specimen book. It has survived not only five centuries, but also the leap into electronic typesetting, remaining essentially unchanged. It was popularised in the 1960s with the release of Letraset sheets containing Lorem Ipsum passages, and more recently with desktop publishing software like Aldus PageMaker including versions of Lorem Ipsum.', 'What is Lorem Ipsum?', 1, NULL, NULL, NULL),
(4, 3, 'It is a long established fact that a reader will be distracted by the readable content of a page when looking at its layout. The point of using Lorem Ipsum is that it has a more-or-less normal distribution of letters, as opposed to using \'Content here, content here\', making it look like readable English. Many desktop publishing packages and web page editors now use Lorem Ipsum as their default model text, and a search for \'lorem ipsum\' will uncover many web sites still in their infancy. Various versions have evolved over the years, sometimes by accident, sometimes on purpose (injected humour and the like).', 'Why do we use it?', 1, NULL, NULL, NULL),
(5, 3, 'Contrary to popular belief, Lorem Ipsum is not simply random text. It has roots in a piece of classical Latin literature from 45 BC, making it over 2000 years old. Richard McClintock, a Latin professor at Hampden-Sydney College in Virginia, looked up one of the more obscure Latin words, consectetur, from a Lorem Ipsum passage, and going through the cites of the word in classical literature, discovered the undoubtable source. Lorem Ipsum comes from sections 1.10.32 and 1.10.33 of \"de Finibus Bonorum et Malorum\" (The Extremes of Good and Evil) by Cicero, written in 45 BC. This book is a treatise on the theory of ethics, very popular during the Renaissance. The first line of Lorem Ipsum, \"Lorem ipsum dolor sit amet..\", comes from a line in section 1.10.32.', 'Where does it come from?', 1, NULL, NULL, NULL),
(6, 4, 'legal Lorem Ipsum is simply dummy text of the printing and typesetting industry. Lorem Ipsum has been the industry\'s standard dummy text ever since the 1500s, when an unknown printer took a galley of type and scrambled it to make a type specimen book. It has survived not only five centuries, but also the leap into electronic typesetting, remaining essentially unchanged. It was popularised in the 1960s with the release of Letraset sheets containing Lorem Ipsum passages, and more recently with desktop publishing software like Aldus PageMaker including versions of Lorem Ipsum.', NULL, 1, NULL, NULL, NULL)

--
-- Dumping data for table `reasons`
--

INSERT INTO `reasons` (`id`, `reason`, `user_type`, `is_active`, `created_at`, `updated_at`) VALUES
(1, 'Location is far away', 2, 1, NULL, NULL),
(2, 'Unable to Reach on Time', 2, 1, NULL, NULL),
(3,  'Location is far away', '4', '1', NULL, NULL),
(4,  'Item Unavailable', '4', '1', NULL, NULL),
(5, 'Unable to Reach on Time', '4', '1', NULL, NULL);
